prannjalisinha|1
neelambari_2005|1
pure_nyctophile_kid|1
shxv.ae|1
14._.sana|1
ansh___2612|0
aman_17092006|0
sreenidhi.bandaru|0
prtyushx|0
that_curly_haired_shawty|0
999inmyprime|0
malavika2586|0
ayushhtrivedi|0
ritvik_17_g|0
get.out.anu|0
_avyxn|0
srishteaa__|0
xshifz_|0
alknda_297|0
_navyasuhasaria|0
zebabharwani|0
x_vishwesh_x|0
tejasmurthy415|0
srishtiupendra|0
scookie_kovur|0
prabhav.22|0
sha1vii|0
_yaaminiii.__|0
tanmmay_1502|0
unremarkablesmudge|0
mj12076|0
vianca_1705|0
svastiiiii_03|0
pratyush4_|0
onjo_bee|0
onjo_main.art|1
shree.nithy._|0
leonthaj|0
manas_2497|0
_aashhh._|0
wish_youwereme_wesh|0
wire.forks|0
_trymedaddy|0
nehal_296|0
meeenakshii|0
romelkushalappa|0
anx_746|0
prakhargarg01|0
allishaa19|0
_txfxxn12|0
its_vansh_ofc|1
gaury__27|0
jxmwdfdl|0
13_rayan_13|0
shoot_n_snap|0
malavikaa_27|0
_.bhoomikx.a_|0
ana.xya|0
tanyaaa.__.v|0
sxnika_nair|0
anushree_b_07|0
aruna_302|0
noureenxjustine|0
aurekxd_|0
jayashriyak|0
_hxds_|0
probably_crying_rn_05|0
mebin.j.thattil|0
aroha.thakur|0
jobless_lady|0
zeba_spemzz|0
ittybittynithy|0
leonthedooood|0
akshitha_30_04|0
maanav.png|0
tanvii.74|0
smruthisrikanth|0
__vodkaaaaaaaa|0
krishashiv_|1
deens_academy_confessions|-1
_nihiiiii_art|1
deshhnaaaa|0
kanx_185|0
saanvwii|0
avnishreddy.pvt|0
lost_in_hues_world|0
heads_up_for_lucy|1
_its_laasya|0
akritii45|0
hrshx3o5o6|0
krish_08x|0
vineeeee_276|0
m4nini|0
aryanxgargx|0
_sai2005|0
_rishi.mohan_|0
kv.03_|0
sussypants25|0
navyagoel_030504|0
tharini_d|0
aaminaminaminah|0
_.anoo24|0
po_ox.23|0
manav_ajith|0
sharanyave14|0
nehal_karjagi|0
_adhvaithrd_|0
sarvesh_tiku|0
rishikeshputh|0
avnishreddyys|1
x_unagi_x|0
k_avy_a0156|0
vedantsud222|0
sxjz._.01|0
mahisangal09|0
alenjins_|1
_owngalaxy|1
aditirao646|1
ashwin_a_17|0
amanphotography1795|1
madhurahelp|0
tyrantlava|1
tabs.notfound|0
_prxchx_|0
harsha.appu.3975|1
_tab_1904|0
itsru12|0
itstaviii21|0
surabhi_kashyappp|0
ponchhikun|0
_madhu.1411|0
abhinav.bijlani|0
arushikumar_13|0
srijan_trebleclef|1
leishachavan|1
arushiprakash_|0
saesha_khurana17|0
smruthiblehh|0
anush.ka_2418|0
rana_____rajj______vaii_______|1
m_.lipsa|0
gowda__rules|1
lalitgaur36|0
revathy_vijayaraghavan|0
evanthe_20_10|0
nool_ding|0
synth663|0
_huditya_|1
thehuntsmanofaurodon2|0
_sahaxsya_|0
_athira_1301|0
sharanya.gopal|0
athira_1301|0
burr.ito__|0
harshhitha.d|0
monisha01_b|0
pushkarb08|0
sonalxr|0
trishaaaaa_14|0
advik_jn2503|0
octosussy_|0
wren_kunxd|0
nia_ukiyo|0
vxndx_06|0
deepti_nanecha|0
yourmombrogosleep|0
rhythmhiveaddict|0
s4hil._.02|0
shreyash._.rem|0
ammexs_3117|0
disha12367|0
anvigandhii|1
rianna_g21|0
notsane_maverick|0
vaibhav.kr92|0
mrxja_photography|0
krispy__manaslife_|1
akshita__3004|0
sakshi_p1604|0
anushka_.zz|0
_ananya_636|0
futuretheoreticalphysicist_17|0
rahullovessoup|0
siyaaaaa_23|0
shivvvpvtt_|0
mashedpotutu|0
tanyeahh._|0
x.kobo1023.x|0
mithun._.v|0
nila.nanjayan|0
hari_05_vishwas|0
shakthi4life|0
_.nxtxa|0
saidityapattnaik|0
qir4th|0
kanish_k1908|-1
ombrophobiac|0
subu_the_titan|1
naman_2506|0
samik_kadam|0
_kxnxshk|0
sneha_atharkar|0
ineivmalaviya|0
ayushxanand|0
moriarty_cucumberpatch|0
_haarika_j|0
harsxil|0
simonne_kulkarni|0
shikharthepotato|0
saalihabilal|0
adwita.mjh|1
yashaa0123|0
advaith1_|0
chinmxy2.0|0
aamiii.w|0
sam_ackerman19|0
girishv_2k4|0
iwillswallowthesun02|0
adii_9544|0
tanvidiangelo|0
_lashi14_|0
swati_dash23|0
aishleux|1
yukta_2307|0
_pranav_25|0
aayushibohraa|0
shrutiisnotshruti|0
prxanit|0
mhmaoosojd69|0
live_gamerz|1
sriannsh_chakravarthy|0
sha1vii_art|0
deddy._.179|0
krishithaaa|0
vansh_privonly|0
itsramzz24|0
srutzzzzzzzzz|1
ajjusyam|0
frenchfrieswithextracheese|0
ishnayak534|0
_.vedika13._|0
kiarahahah_23|0
_ghxna|0
mkaithwas_2006|1
xxsmuklee._|0
naofumi2205_art|1
srbhi.mtra|1
petunias.pigtails|0
malishkasanjay|0
cherry_pie_cheesecake|0
advait_dixit_2005|0
xoxo.diiva|0
ana._.nyaaa|0
yuvraj_mohana|0
angelinatheperson|0
krishmathur_|0
vibgyor_batch_22|1
itsrishit_13|0
monkeissuperior|1
shamshruthi_iyer|1
harshaprakash871|1
_k_krithika|-1
sohamandcheese_18|0
p4r7h.30|1
ayushmaan0802|-1
ishaanyaaa|0
ruxira|0
